rank,team,elo_rating,highest_rank,highest_elo,rank_change_1y,elo_change_1y,matches_total,wins_home,wins_away,draws_home,draws_away,losses_home,losses_away,goals_for,goals_against,wins_total,draws_total,losses_total,goal_diff,win_pct,date
1,Spain,2165,7,1946,0,15,780,340,302,138,461,138,181,1591,697,642,599,319,894,82.3,2026-06-02
2,Argentina,2113,5,1987,0,-28,1109,381,419,309,610,228,271,2112,1136,800,919,499,976,72.1,2026-06-02
3,France,2081,16,1795,0,51,938,473,341,124,474,269,195,1706,1272,814,598,464,434,86.8,2026-06-02
4,England,2020,4,1983,0,9,1160,509,524,127,683,215,262,2719,1118,1033,810,477,1601,89.1,2026-06-02
5,Brazil,1988,4,1998,0,-5,1066,373,346,347,671,172,223,2300,956,719,1018,395,1344,67.4,2026-06-02
6,Portugal,1984,19,1797,0,-4,694,320,262,112,346,189,159,1222,779,582,458,348,443,83.9,2026-06-02
7,Colombia,1977,48,1621,2,26,649,185,229,235,266,205,178,845,742,414,501,383,103,63.8,2026-06-02
8,Netherlands,1961,15,1848,0,-5,901,429,358,114,465,239,197,1892,1142,787,579,436,750,87.3,2026-06-02
9,Ecuador,1935,64,1525,4,25,599,183,211,205,184,254,161,721,904,394,389,415,-183,65.8,2026-06-02
10,Croatia,1930,12,1881,2,19,398,156,167,75,209,83,106,694,401,323,284,189,293,81.2,2026-06-02
11,Germany,1925,8,1911,-4,-62,1046,470,415,161,605,224,217,2356,1232,885,766,441,1124,84.6,2026-06-02
12,Norway,1917,38,1623,9,88,887,426,409,52,335,355,197,1376,1444,835,387,552,-68,94.1,2026-06-02
13,Turkey,1906,42,1611,5,69,670,291,300,79,264,250,156,951,969,591,343,406,-18,88.2,2026-06-02
13,Japan,1906,62,1467,1,30,836,332,207,297,409,257,170,1518,985,539,706,427,533,64.5,2026-06-02
15,Switzerland,1894,27,1690,9,82,896,426,392,78,320,373,203,1339,1483,818,398,576,-144,91.3,2026-06-02
16,Uruguay,1892,12,1876,-6,-29,1019,336,432,251,446,321,252,1610,1254,768,697,573,356,75.4,2026-06-02
17,Denmark,1870,20,1799,-2,8,903,413,396,94,419,298,186,1650,1220,809,513,484,430,89.6,2026-06-02
18,Mexico,1867,20,1782,5,50,1029,297,273,459,534,258,237,1824,1055,570,993,495,769,55.4,2026-06-02
18,Senegal,1867,56,1591,12,108,705,221,260,224,319,193,193,969,672,481,543,386,297,68.2,2026-06-02
20,Belgium,1866,24,1755,-4,23,876,415,375,86,390,302,184,1599,1359,790,476,486,240,90.2,2026-06-02
21,Italy,1856,8,1915,-10,-58,901,407,323,171,479,177,245,1579,894,730,650,422,685,81.0,2026-06-02
22,Paraguay,1832,23,1755,5,33,788,214,365,209,276,303,209,1002,1115,579,485,512,-113,73.5,2026-06-02
23,Austria,1830,20,1810,-5,-7,866,432,383,51,371,310,185,1561,1321,815,422,495,240,94.1,2026-06-02
24,Morocco,1822,43,1657,2,16,728,318,219,191,364,165,199,1103,614,537,555,364,489,73.8,2026-06-02
25,Canada,1793,49,1599,4,15,489,153,200,136,190,185,114,628,623,353,326,299,5,72.2,2026-06-02
26,Ukraine,1785,31,1745,-1,-24,339,134,145,60,154,90,95,477,356,279,214,185,121,82.3,2026-06-02
27,Australia,1774,35,1672,9,38,636,271,223,142,326,180,130,1289,715,494,468,310,574,77.7,2026-06-02
28,Scotland,1770,14,1879,6,28,868,403,413,52,412,268,188,1499,1076,816,464,456,423,94.0,2026-06-02
29,Nigeria,1769,38,1668,37,200,715,241,262,212,332,179,204,1078,721,503,544,383,357,70.3,2026-06-02
30,Russia,1766,24,1742,-2,-25,813,311,383,119,430,174,209,1476,779,694,549,383,697,85.4,2026-06-02
31,Iran,1764,40,1658,-11,-66,669,223,195,251,383,132,154,1273,525,418,634,286,748,62.5,2026-06-02
32,South Korea,1756,35,1687,0,10,1051,353,255,443,572,221,258,1912,964,608,1015,479,948,57.8,2026-06-02
33,Greece,1752,49,1559,-12,-77,656,298,295,63,251,249,156,833,906,593,314,405,-73,90.4,2026-06-02
34,Algeria,1743,48,1621,11,35,688,261,233,194,309,196,183,1052,703,494,503,379,349,71.8,2026-06-02
35,Serbia,1742,20,1787,-19,-101,861,302,423,136,403,266,192,1617,1176,725,539,458,441,84.2,2026-06-02
36,Czech Republic,1733,13,1855,-5,-22,883,361,416,106,425,261,197,1626,1098,777,531,458,528,88.0,2026-06-02
36,United States,1733,41,1642,5,11,826,488,253,85,367,286,173,1249,1075,741,452,459,174,89.7,2026-06-02
36,Panama,1733,99,1362,4,10,592,200,228,164,196,252,144,738,912,428,360,396,-174,72.3,2026-06-02
39,Venezuela,1727,84,1432,-5,-15,481,179,179,123,129,245,107,521,872,358,252,352,-351,74.4,2026-06-02
40,Uzbekistan,1718,60,1596,7,21,366,130,129,107,180,111,75,635,400,259,287,186,235,70.8,2026-06-02
41,Sweden,1714,17,1795,-5,-22,1119,489,500,130,549,336,234,2227,1485,989,679,570,742,88.4,2026-06-02
41,Kosovo,1714,102,1420,18,115,108,48,40,20,42,43,23,153,147,88,62,66,6,81.5,2026-06-02
43,Poland,1711,30,1712,3,7,920,396,410,114,400,296,224,1562,1241,806,514,520,321,87.6,2026-06-02
44,Chile,1710,28,1678,-3,-12,852,328,307,217,318,346,188,1194,1216,635,535,534,-22,74.5,2026-06-02
45,Hungary,1703,20,1835,-1,-12,1033,467,492,74,487,324,222,2069,1525,959,561,546,544,92.8,2026-06-02
46,Egypt,1699,37,1662,4,33,884,354,281,249,447,216,221,1545,921,635,696,437,624,71.8,2026-06-02
47,Wales,1698,22,1671,-11,-38,733,345,356,32,236,331,166,917,1173,701,268,497,-256,95.6,2026-06-02
48,Peru,1695,34,1679,-9,-29,708,266,253,189,228,304,176,857,987,519,417,480,-130,73.3,2026-06-02
49,Slovenia,1694,54,1625,-16,-50,319,144,145,30,116,117,86,399,378,289,146,203,21,90.6,2026-06-02
49,Ireland,1694,24,1626,4,60,742,378,304,60,262,287,193,978,1160,682,322,480,-182,91.9,2026-06-02
51,Jordan,1685,111,1324,4,66,584,201,193,190,207,219,158,730,715,394,397,377,15,67.5,2026-06-02
52,Ivory Coast,1676,45,1640,11,85,692,241,237,214,348,166,178,1130,695,478,562,344,435,69.1,2026-06-02
53,Slovakia,1674,40,1681,-4,-10,367,157,166,44,150,131,86,519,458,323,194,217,61,88.0,2026-06-02
54,DR Congo,1655,62,1557,14,89,547,166,225,156,226,171,150,835,641,391,382,321,194,71.5,2026-06-02
55,Georgia,1653,70,1553,-12,-64,319,139,148,32,106,146,67,412,443,287,138,213,-31,90.0,2026-06-02
56,Albania,1646,73,1504,-2,13,408,190,185,33,116,207,85,396,602,375,149,292,-206,91.9,2026-06-02
57,Bolivia,1645,60,1509,-5,-6,536,189,205,142,122,293,121,551,1052,394,264,414,-501,73.5,2026-06-02
58,Israel,1634,49,1621,3,38,523,249,212,62,196,207,120,803,764,461,258,327,39,88.1,2026-06-02
59,Tunisia,1633,47,1616,-3,15,776,337,252,187,330,230,216,1105,840,589,517,446,265,75.9,2026-06-02
60,Romania,1627,29,1717,-12,-58,800,332,376,92,354,247,199,1303,1018,708,446,446,285,88.5,2026-06-02
61,Cameroon,1613,53,1604,3,25,661,184,247,230,287,172,202,952,712,431,517,374,240,65.2,2026-06-02
62,Costa Rica,1611,36,1689,-11,-41,790,259,282,249,356,243,191,1369,919,541,605,434,450,68.5,2026-06-02
63,Iraq,1608,47,1622,12,69,760,139,231,390,360,189,211,1203,707,370,750,400,496,48.7,2026-06-02
64,Northern Ireland,1601,40,1655,6,44,610,276,297,37,171,289,150,643,925,573,208,439,-282,93.9,2026-06-02
65,Mali,1596,70,1523,-7,-16,624,195,234,195,249,205,170,824,716,429,444,375,108,68.8,2026-06-02
66,Bosnia and Herzegovina,1591,53,1626,13,65,280,118,136,26,104,111,65,393,385,254,130,176,8,90.7,2026-06-02
67,North Macedonia,1589,74,1534,-10,-24,305,141,134,30,95,131,79,364,411,275,125,210,-47,90.2,2026-06-02
68,New Zealand,1585,66,1499,-6,-10,439,135,189,115,181,179,79,767,645,324,296,258,122,73.8,2026-06-02
69,Cabo Verde,1576,120,1302,11,76,252,80,91,81,95,97,60,270,278,171,176,157,-8,67.9,2026-06-02
70,Honduras,1571,63,1500,-1,11,667,212,217,238,263,231,173,964,857,429,501,404,107,64.3,2026-06-02
71,Iceland,1569,81,1425,6,38,526,216,251,59,160,262,104,635,882,467,219,366,-247,88.8,2026-06-02
72,Saudi Arabia,1566,76,1500,-7,-10,838,324,151,363,396,247,195,1283,896,475,759,442,387,56.7,2026-06-02
73,Angola,1543,86,1456,3,7,473,166,184,123,175,140,158,575,489,350,298,298,86,74.0,2026-06-02
74,Finland,1540,62,1500,0,0,824,337,429,58,217,440,167,971,1697,766,275,607,-726,93.0,2026-06-02
74,United Arab Emirates,1540,98,1395,-2,-1,674,287,141,246,263,238,173,933,831,428,509,411,102,63.5,2026-06-02
76,Haiti,1532,81,1418,-5,-21,561,181,196,184,246,197,118,957,759,377,430,315,198,67.2,2026-06-02
77,Burkina Faso,1530,98,1402,6,38,491,154,186,151,170,191,130,612,672,340,321,321,-60,69.2,2026-06-02
78,Jamaica,1527,83,1413,-12,-42,718,272,268,178,280,272,166,960,941,540,458,438,19,75.2,2026-06-02
79,South Africa,1518,32,1707,-19,-80,525,276,161,88,231,141,153,719,542,437,319,294,177,83.2,2026-06-02
80,Guatemala,1514,68,1486,4,23,626,205,180,241,225,235,166,877,852,385,466,401,25,61.5,2026-06-02
81,Belarus,1513,80,1505,3,22,306,103,158,45,90,137,79,342,442,261,135,216,-100,85.3,2026-06-02
82,Ghana,1503,42,1651,5,26,778,247,297,234,370,213,195,1247,822,544,604,408,425,69.9,2026-06-02
83,Syria,1491,86,1428,11,52,597,125,223,249,223,226,148,858,756,348,472,374,102,58.3,2026-06-02
84,Oman,1490,128,1211,-12,-51,592,230,144,218,222,218,152,753,780,374,440,370,-27,63.2,2026-06-02
85,Guinea,1469,72,1516,8,18,645,172,263,210,251,210,184,953,803,435,461,394,150,67.4,2026-06-02
85,Palestine,1469,121,1255,10,42,290,19,111,160,84,128,78,370,446,130,244,206,-76,44.8,2026-06-02
87,Bulgaria,1461,41,1633,3,1,780,299,399,82,286,300,194,1092,1150,698,368,494,-58,89.5,2026-06-02
88,Northern Cyprus,1457,84,1463,4,0,17,5,3,9,9,6,2,30,23,8,18,8,7,47.1,2026-06-02
89,Montenegro,1453,60,1597,-11,-74,173,91,77,5,58,73,42,203,237,168,63,115,-34,97.1,2026-06-02
90,Luxembourg,1436,108,1256,1,-22,473,257,200,16,54,357,62,308,1224,457,70,419,-916,96.6,2026-06-02
91,Curaçao,1433,97,1381,37,110,499,173,177,149,201,174,124,880,771,350,350,298,109,70.1,2026-06-02
92,Suriname,1431,84,1404,10,30,543,231,222,90,239,175,129,986,740,453,329,304,246,83.4,2026-06-02
93,Kazakhstan,1430,101,1420,3,5,270,103,121,46,70,142,58,283,450,224,116,200,-167,83.0,2026-06-02
94,Benin,1429,109,1356,5,21,352,129,142,81,87,181,84,364,617,271,168,265,-253,77.0,2026-06-02
95,Kurdistan,1425,100,1425,1,0,4,2,0,2,3,0,1,12,3,2,5,1,9,50.0,2026-06-02
96,China,1423,50,1577,6,22,762,271,264,227,368,231,163,1420,861,535,595,394,559,70.2,2026-06-02
96,Qatar,1423,93,1416,-14,-75,698,328,147,223,289,233,176,993,826,475,512,409,167,68.1,2026-06-02
98,Libya,1420,82,1470,13,35,459,164,166,129,166,185,108,621,611,330,295,293,10,71.9,2026-06-02
99,Gambia,1419,118,1309,17,46,299,108,100,91,81,136,82,319,433,208,172,218,-114,69.6,2026-06-02
100,Bahrain,1418,109,1349,-20,-82,636,218,158,260,223,247,166,780,824,376,483,413,-44,59.1,2026-06-02
101,Gabon,1401,95,1413,-13,-65,462,184,154,124,159,174,129,551,567,338,283,303,-16,73.2,2026-06-02
102,Uganda,1394,75,1482,7,5,736,251,257,228,304,238,194,1108,887,508,532,432,221,69.0,2026-06-02
103,Niger,1393,133,1239,27,71,290,100,117,73,65,157,68,286,515,217,138,225,-229,74.8,2026-06-02
104,Equatorial Guinea,1391,151,1159,-18,-99,195,80,64,51,56,95,44,182,287,144,107,139,-105,73.8,2026-06-02
105,Trinidad and Tobago,1388,61,1505,0,-7,871,344,364,163,375,303,193,1446,1127,708,538,496,319,81.3,2026-06-02
106,Madagascar,1382,104,1366,30,84,356,120,120,116,136,142,78,494,532,240,252,220,-38,67.4,2026-06-02
107,Faroe Islands,1381,122,1252,40,110,281,119,139,23,50,194,37,212,640,258,73,231,-428,91.8,2026-06-02
108,Armenia,1379,102,1418,2,-7,281,113,132,36,66,158,57,281,537,245,102,215,-256,87.2,2026-06-02
109,Thailand,1376,112,1317,3,-7,933,388,199,346,366,358,209,1485,1406,587,712,567,79,62.9,2026-06-02
110,North Korea,1375,63,1566,3,-6,417,50,149,218,175,127,115,641,447,199,393,242,194,47.7,2026-06-02
111,Zimbabwe,1372,78,1462,-6,-23,552,190,223,139,207,184,161,738,663,413,346,345,75,74.8,2026-06-02
111,Mozambique,1372,116,1332,-22,-91,442,166,176,100,139,192,111,465,580,342,239,303,-115,77.4,2026-06-02
113,Zambia,1371,60,1551,-13,-35,879,282,360,237,393,261,225,1389,954,642,630,486,435,73.0,2026-06-02
114,Comoros,1363,186,941,-16,-51,158,29,35,94,40,81,37,144,246,64,134,118,-102,40.5,2026-06-02
115,Togo,1359,90,1439,3,-12,493,179,198,116,157,210,126,533,673,377,273,336,-140,76.5,2026-06-02
116,Kenya,1356,90,1379,-2,-22,779,291,283,205,293,293,193,1073,1061,574,498,486,12,73.7,2026-06-02
117,Vietnam,1351,120,1298,3,-8,525,174,131,220,222,200,103,922,771,305,442,303,151,58.1,2026-06-02
118,Sudan,1350,90,1444,-14,-46,553,154,204,195,187,225,141,628,730,358,382,366,-102,64.7,2026-06-02
119,Sierra Leone,1348,104,1368,8,23,335,115,140,80,97,149,89,329,471,255,177,238,-142,76.1,2026-06-02
120,Reunion,1345,125,1184,3,0,139,53,38,48,55,55,29,237,252,91,103,84,-15,65.5,2026-06-02
121,El Salvador,1342,72,1471,-14,-51,685,210,209,266,227,305,153,863,1022,419,493,458,-159,61.2,2026-06-02
122,Azerbaijan,1340,107,1397,-3,-28,322,116,152,54,66,175,81,263,542,268,120,256,-279,83.2,2026-06-02
123,Estonia,1339,94,1353,-15,-52,539,229,255,55,132,287,120,531,962,484,187,407,-431,89.8,2026-06-02
124,Guadeloupe,1338,91,1408,-9,-38,293,92,89,112,128,114,51,507,410,181,240,165,97,61.8,2026-06-02
125,Rwanda,1337,144,1206,3,14,290,107,100,83,90,126,74,298,364,207,173,200,-66,71.4,2026-06-02
126,Nicaragua,1334,146,1031,9,17,252,63,99,90,54,166,32,258,617,162,144,198,-359,64.3,2026-06-02
127,Lebanon,1332,108,1333,-1,-7,420,140,144,136,123,185,112,507,619,284,259,297,-112,67.6,2026-06-02
128,Indonesia,1331,101,1361,-3,-11,782,250,192,340,297,332,153,1313,1269,442,637,485,44,56.5,2026-06-02
129,Kuwait,1327,83,1468,1,5,761,269,175,317,321,248,192,1196,878,444,638,440,318,58.3,2026-06-02
130,Zanzibar,1321,145,1119,4,0,217,37,45,135,39,131,47,186,458,82,174,178,-272,37.8,2026-06-02
131,Tanzania,1313,117,1295,-30,-91,658,244,237,177,193,280,185,752,963,481,370,465,-211,73.1,2026-06-02
132,Martinique,1312,80,1458,-16,-61,371,136,125,110,167,116,88,676,488,261,277,204,188,70.4,2026-06-02
133,Mauritania,1311,155,1115,-11,-35,298,91,103,104,55,173,70,215,526,194,159,243,-311,65.1,2026-06-02
134,Namibia,1303,136,1272,-13,-49,304,102,121,81,77,135,92,295,424,223,158,227,-129,73.4,2026-06-02
135,Latvia,1301,87,1399,3,11,457,192,212,53,128,219,110,535,752,404,181,329,-217,88.4,2026-06-02
135,Cyprus,1301,102,1378,2,4,427,237,184,6,83,271,73,384,931,421,89,344,-547,98.6,2026-06-02
137,Liberia,1297,112,1342,14,34,340,145,143,52,90,174,76,315,519,288,142,250,-204,84.7,2026-06-02
138,Malaysia,1293,122,1288,12,29,929,390,241,298,362,356,211,1513,1348,631,660,567,165,67.9,2026-06-02
139,Guyana,1292,104,1293,9,24,456,179,194,83,142,224,90,589,790,373,225,314,-201,81.8,2026-06-02
140,Kyrgyzstan,1291,155,1203,-10,-31,190,47,74,69,55,105,30,208,337,121,124,135,-129,63.7,2026-06-02
141,Lithuania,1290,92,1318,-3,0,416,169,206,41,106,229,81,414,757,375,147,310,-343,90.1,2026-06-02
142,New Caledonia,1286,103,1357,0,1,285,87,71,127,141,110,34,739,419,158,268,144,320,55.4,2026-06-02
143,Burundi,1285,125,1285,1,4,241,52,89,100,74,112,55,274,334,141,174,167,-60,58.5,2026-06-02
143,Ethiopia,1285,99,1394,2,6,472,214,163,95,170,199,103,655,690,377,265,302,-35,79.9,2026-06-02
145,Tajikistan,1284,123,1334,-4,-5,210,55,84,71,79,86,45,301,295,139,150,131,6,66.2,2026-06-02
145,Dominican Republic,1284,167,1060,-7,-6,189,86,63,40,69,88,32,299,303,149,109,120,-4,78.8,2026-06-02
147,Botswana,1267,150,1167,-24,-78,368,166,136,66,98,166,104,311,490,302,164,270,-179,82.1,2026-06-02
148,Moldova,1262,109,1391,-18,-60,300,114,145,41,60,172,68,244,520,259,101,240,-276,86.3,2026-06-02
149,Guinea-Bissau,1248,126,1282,-6,-34,215,66,64,85,58,104,53,215,320,130,143,157,-105,60.5,2026-06-02
150,Malawi,1241,115,1327,-5,-38,698,306,243,149,232,264,202,816,900,549,381,466,-84,78.7,2026-06-02
151,Cuba,1239,84,1438,2,-8,485,103,212,170,185,189,111,678,684,315,355,300,-6,64.9,2026-06-02
152,Central African Republic,1238,124,1295,-3,-28,162,32,67,63,36,93,33,180,322,99,99,126,-142,61.1,2026-06-02
153,Malta,1236,118,1322,-1,-19,455,246,183,26,65,314,76,296,1020,429,91,390,-724,94.3,2026-06-02
154,French Guiana,1223,125,1246,3,0,190,66,67,57,57,92,41,280,328,133,114,133,-48,70.0,2026-06-02
155,Mayotte,1216,157,1202,4,0,41,2,11,28,13,17,11,55,59,13,41,28,-4,31.7,2026-06-02
156,Turkmenistan,1209,117,1358,4,-6,187,42,76,69,71,82,34,288,281,118,140,116,7,63.1,2026-06-02
157,Congo Republic,1207,83,1471,0,-16,474,180,188,106,173,186,115,679,662,368,279,301,17,77.6,2026-06-02
158,Lesotho,1205,151,1179,-4,-32,352,113,147,92,70,179,103,279,575,260,162,282,-296,73.9,2026-06-02
159,Eritrea,1201,164,1158,6,62,86,20,28,38,17,50,19,61,137,48,55,69,-76,55.8,2026-06-02
160,Tahiti,1176,103,1386,1,0,254,58,71,125,136,82,36,693,383,129,261,118,310,50.8,2026-06-02
161,Philippines,1167,135,1068,8,38,395,108,127,160,97,238,60,422,1021,235,257,298,-599,59.5,2026-06-02
162,Yemen,1151,144,1212,10,42,294,56,87,151,65,173,56,302,573,143,216,229,-271,48.6,2026-06-02
163,Eswatini,1149,153,1168,-7,-75,324,123,131,70,71,158,95,297,542,254,141,253,-245,78.4,2026-06-02
164,St Vincent & Grenadines,1141,110,1322,-1,-10,365,138,135,92,131,150,84,566,648,273,223,234,-82,74.8,2026-06-02
165,Singapore,1139,134,1227,13,80,771,321,185,265,242,372,157,1035,1394,506,507,529,-359,65.6,2026-06-02
166,Puerto Rico,1138,169,936,5,16,195,73,67,55,46,120,29,229,488,140,101,149,-259,71.8,2026-06-02
167,Papua New Guinea,1135,165,1091,6,31,165,30,43,92,54,80,31,352,356,73,146,111,-4,44.2,2026-06-02
168,India,1128,110,1341,-6,-34,610,177,170,263,220,262,128,836,997,347,483,390,-161,56.9,2026-06-02
169,Hong Kong,1120,123,1287,-3,-18,512,182,151,179,177,233,102,814,871,333,356,335,-57,65.0,2026-06-02
170,Bermuda,1119,128,1283,-2,-11,235,106,82,47,79,111,45,375,414,188,126,156,-39,80.0,2026-06-02
171,Vanuatu,1114,156,1104,10,69,225,52,51,122,70,124,31,400,482,103,192,155,-82,45.8,2026-06-02
172,South Sudan,1109,178,1087,-5,-24,81,18,29,34,13,52,16,55,145,47,47,68,-90,58.0,2026-06-02
173,Fiji,1108,129,1246,-18,-119,286,106,63,117,126,105,55,644,459,169,243,160,185,59.1,2026-06-02
174,Grenada,1098,101,1370,1,25,310,115,116,79,103,129,78,490,561,231,182,207,-71,74.5,2026-06-02
175,Andorra,1076,182,1050,1,10,229,91,105,33,14,183,32,75,540,196,47,215,-465,85.6,2026-06-02
176,Mauritius,1073,108,1335,6,29,359,124,151,84,100,174,85,450,572,275,184,259,-122,76.6,2026-06-02
176,Chad,1073,135,1244,-12,-76,182,45,59,78,35,105,42,165,340,104,113,147,-175,57.1,2026-06-02
176,Belize,1073,139,1114,-2,-15,129,44,44,41,32,74,23,138,245,88,73,97,-107,68.2,2026-06-02
179,Solomon Islands,1054,147,1183,-9,-72,223,59,62,102,94,92,37,480,428,121,196,129,52,54.3,2026-06-02
180,Saint Martin,1042,187,982,3,-1,86,18,36,32,33,44,9,136,191,54,65,53,-55,62.8,2026-06-02
181,Sao Tome and Principe,1035,174,1056,3,-3,82,24,36,22,11,60,11,59,213,60,33,71,-154,73.2,2026-06-02
182,Saint Kitts and Nevis,1029,138,1174,-3,-26,252,121,80,51,104,101,47,431,396,201,155,148,35,79.8,2026-06-02
183,Afghanistan,1023,167,920,-6,-38,166,8,67,91,38,90,38,153,336,75,129,128,-183,45.2,2026-06-02
184,Somaliland,1005,188,1004,2,0,2,0,0,2,1,0,1,4,3,0,3,1,1,0.0,2026-06-02
185,Saint Lucia,1003,126,1241,0,-31,264,89,108,67,90,132,42,361,485,197,157,174,-124,74.6,2026-06-02
186,Gibraltar,1002,178,1082,-6,-50,116,39,49,28,16,85,15,62,343,88,44,100,-281,75.9,2026-06-02
187,Western Sahara,996,189,996,0,0,1,0,1,0,0,1,0,0,6,1,0,1,-6,100.0,2026-06-02
188,Myanmar,982,125,1244,5,40,552,119,138,295,218,230,104,892,952,257,513,334,-60,46.6,2026-06-02
189,Aruba,979,125,1199,10,66,207,83,80,44,52,111,44,298,467,163,96,155,-169,78.7,2026-06-02
189,Somalia,979,166,1072,11,68,150,10,48,92,15,112,23,78,375,58,107,135,-297,38.7,2026-06-02
191,Sint Maarten,975,187,909,3,43,75,16,25,34,23,39,13,107,194,41,57,52,-87,54.7,2026-06-02
192,Montserrat,971,191,642,-2,21,74,15,26,33,18,48,8,76,235,41,51,56,-159,55.4,2026-06-02
193,Greenland,946,185,975,-1,0,22,2,7,13,5,16,1,35,50,9,18,17,-15,40.9,2026-06-02
194,Djibouti,940,178,872,1,11,121,28,40,53,11,99,11,83,424,68,64,110,-341,56.2,2026-06-02
195,Dominica,934,132,1196,-7,-36,246,69,97,80,60,132,54,288,488,166,140,186,-200,67.5,2026-06-02
196,Bangladesh,932,181,980,0,10,326,92,96,138,87,166,73,298,583,188,225,239,-285,57.7,2026-06-02
197,Liechtenstein,904,167,1113,4,-2,257,114,124,19,19,206,32,104,722,238,38,238,-618,92.6,2026-06-02
198,Monaco,903,199,900,4,0,9,0,1,8,4,2,3,11,15,1,12,5,-4,11.1,2026-06-02
199,Barbados,898,121,1243,-10,-59,375,168,132,75,117,162,96,492,616,300,192,258,-124,80.0,2026-06-02
200,Antigua and Barbuda,894,145,1178,-3,-23,285,116,101,68,95,136,54,394,491,217,163,190,-97,76.1,2026-06-02
201,Nepal,893,190,889,-10,-55,295,74,91,130,68,174,53,247,665,165,198,227,-418,55.9,2026-06-02
202,Seychelles,853,182,987,2,2,190,51,58,81,26,131,33,144,425,109,107,164,-281,57.4,2026-06-02
203,Cambodia,844,157,1058,3,7,316,80,93,143,71,200,45,361,816,173,214,245,-455,54.7,2026-06-02
204,San Marino,836,195,917,1,-9,226,109,110,7,3,211,12,42,891,219,10,223,-849,96.9,2026-06-02
204,Maldives,836,191,884,-1,-41,240,64,82,94,67,134,39,289,535,146,161,173,-246,60.8,2026-06-02
204,Bonaire,836,150,1037,3,1,103,19,52,32,24,67,12,116,255,71,56,79,-139,68.9,2026-06-02
207,Sri Lanka,827,161,932,6,90,284,70,89,125,57,177,50,274,692,159,182,227,-418,56.0,2026-06-02
208,Taiwan,821,144,1169,-10,-93,339,96,109,134,96,191,52,465,788,205,230,243,-323,60.5,2026-06-02
209,Pakistan,812,154,1101,0,-12,284,63,96,125,63,170,51,272,642,159,188,221,-370,56.0,2026-06-02
210,Cayman Islands,805,183,1000,-2,-23,128,60,38,30,26,77,25,124,309,98,56,102,-185,76.6,2026-06-02
211,Chagos Islands,782,211,783,0,0,4,0,0,4,1,2,1,8,10,0,5,3,-2,0.0,2026-06-02
212,Tuvalu,756,204,745,0,0,34,0,4,30,9,21,4,47,182,4,39,25,-135,11.8,2026-06-02
213,Sint Eustatius,737,213,753,0,0,11,3,8,0,5,2,4,33,30,11,5,6,3,100.0,2026-06-02
214,Laos,734,186,895,8,47,235,49,69,117,43,157,35,235,739,118,160,192,-504,50.2,2026-06-02
215,Samoa,728,211,659,1,0,77,28,15,34,23,50,4,109,279,43,57,54,-170,55.8,2026-06-02
216,British Virgin Islands,727,207,788,12,95,137,35,62,40,23,90,24,127,398,97,63,114,-271,70.8,2026-06-02
216,Mongolia,727,190,842,-1,-2,101,22,38,41,21,69,11,100,286,60,62,80,-186,59.4,2026-06-02
218,Saint Barthelemy,725,217,706,-1,0,10,7,3,0,4,5,1,25,29,10,4,6,-4,100.0,2026-06-02
219,Guam,718,207,693,-1,5,130,25,43,62,31,86,13,167,581,68,93,99,-414,52.3,2026-06-02
220,East Timor,714,226,630,5,56,91,5,47,39,12,72,7,83,284,52,51,79,-201,57.1,2026-06-02
221,Wallis and Futuna,699,201,699,-2,0,24,0,5,19,5,19,0,23,109,5,24,19,-86,20.8,2026-06-02
222,Vatican,692,218,697,-2,0,5,0,0,5,0,3,2,1,6,0,5,5,-5,0.0,2026-06-02
223,Saba,691,223,675,-2,0,8,5,3,0,2,4,2,25,26,8,2,6,-1,100.0,2026-06-02
224,Bahamas,685,190,871,-14,-107,90,30,32,28,17,62,11,90,291,62,45,73,-201,68.9,2026-06-02
225,St Pierre and Miquelon,677,223,678,-2,0,7,0,0,7,0,7,0,2,78,0,7,7,-76,0.0,2026-06-02
226,Turks and Caicos Islands,657,211,766,0,9,56,16,22,18,13,37,6,54,197,38,31,43,-143,67.9,2026-06-02
227,Anguilla,646,224,556,4,27,117,31,50,36,16,87,14,74,413,81,52,101,-339,69.2,2026-06-02
228,Bhutan,636,219,599,-1,-1,115,20,39,56,12,95,8,67,415,59,68,103,-348,51.3,2026-06-02
229,Tibet,629,208,665,0,0,10,0,3,7,0,9,1,8,38,3,7,10,-30,30.0,2026-06-02
230,US Virgin Islands,628,219,685,3,41,81,27,35,19,10,58,13,55,300,62,29,71,-245,76.5,2026-06-02
231,Cook Islands,622,206,681,-1,0,56,4,14,38,13,39,4,50,276,18,51,43,-226,32.1,2026-06-02
232,Brunei,592,201,777,-8,-73,152,30,42,80,27,112,13,119,488,72,107,125,-369,47.4,2026-06-02
233,Macao,588,175,945,-1,-10,161,51,50,60,24,120,17,141,490,101,84,137,-349,62.7,2026-06-02
234,Christmas Island,578,228,577,0,0,10,6,4,0,7,2,1,29,8,10,7,3,21,100.0,2026-06-02
235,Falkland Islands,571,229,585,0,0,4,0,1,3,0,4,0,0,25,1,3,4,-25,25.0,2026-06-02
236,FS Micronesia,563,231,571,0,0,8,1,3,4,1,7,0,8,64,4,5,7,-56,50.0,2026-06-02
237,Marshall Islands,559,237,559,0,0,2,0,0,2,0,2,0,2,7,0,2,2,-5,0.0,2026-06-02
238,Kiribati,544,219,578,-1,0,11,0,2,9,0,10,1,7,126,2,9,11,-119,18.2,2026-06-02
239,Tonga,520,213,651,-1,0,70,10,15,45,16,48,6,82,265,25,61,54,-183,35.7,2026-06-02
240,Niue,496,225,496,-1,0,2,0,0,2,0,2,0,0,33,0,2,2,-33,0.0,2026-06-02
241,Northern Marianas,432,233,512,-1,0,36,7,11,18,5,28,3,43,153,18,23,31,-110,50.0,2026-06-02
242,Cocos Islands,422,235,423,-1,0,10,4,6,0,2,7,1,8,29,10,2,8,-21,100.0,2026-06-02
243,Palau,402,237,402,-1,0,2,2,0,0,0,2,0,3,27,2,0,2,-24,100.0,2026-06-02
244,Eastern Samoa,369,226,467,-1,-19,59,0,15,44,5,52,2,36,385,15,49,54,-349,25.4,2026-06-02
