rank,team,points,rank_change,date
1,Spain,2165,0,2026-06-02
2,Argentina,2113,0,2026-06-02
3,France,2081,0,2026-06-02
4,England,2020,0,2026-06-02
5,Brazil,1988,0,2026-06-02
6,Portugal,1984,0,2026-06-02
7,Colombia,1977,2,2026-06-02
8,Netherlands,1961,0,2026-06-02
9,Ecuador,1935,4,2026-06-02
10,Croatia,1930,2,2026-06-02
11,Germany,1925,-4,2026-06-02
12,Norway,1917,9,2026-06-02
13,Turkey,1906,5,2026-06-02
13,Japan,1906,1,2026-06-02
15,Switzerland,1894,9,2026-06-02
16,Uruguay,1892,-6,2026-06-02
17,Denmark,1870,-2,2026-06-02
18,Mexico,1867,5,2026-06-02
18,Senegal,1867,12,2026-06-02
20,Belgium,1866,-4,2026-06-02
21,Italy,1856,-10,2026-06-02
22,Paraguay,1832,5,2026-06-02
23,Austria,1830,-5,2026-06-02
24,Morocco,1822,2,2026-06-02
25,Canada,1793,4,2026-06-02
26,Ukraine,1785,-1,2026-06-02
27,Australia,1774,9,2026-06-02
28,Scotland,1770,6,2026-06-02
29,Nigeria,1769,37,2026-06-02
30,Russia,1766,-2,2026-06-02
31,Iran,1764,-11,2026-06-02
32,South Korea,1756,0,2026-06-02
33,Greece,1752,-12,2026-06-02
34,Algeria,1743,11,2026-06-02
35,Serbia,1742,-19,2026-06-02
36,Czech Republic,1733,-5,2026-06-02
36,United States,1733,5,2026-06-02
36,Panama,1733,4,2026-06-02
39,Venezuela,1727,-5,2026-06-02
40,Uzbekistan,1718,7,2026-06-02
41,Sweden,1714,-5,2026-06-02
41,Kosovo,1714,18,2026-06-02
43,Poland,1711,3,2026-06-02
44,Chile,1710,-3,2026-06-02
45,Hungary,1703,-1,2026-06-02
46,Egypt,1699,4,2026-06-02
47,Wales,1698,-11,2026-06-02
48,Peru,1695,-9,2026-06-02
49,Slovenia,1694,-16,2026-06-02
49,Ireland,1694,4,2026-06-02
51,Jordan,1685,4,2026-06-02
52,Ivory Coast,1676,11,2026-06-02
53,Slovakia,1674,-4,2026-06-02
54,DR Congo,1655,14,2026-06-02
55,Georgia,1653,-12,2026-06-02
56,Albania,1646,-2,2026-06-02
57,Bolivia,1645,-5,2026-06-02
58,Israel,1634,3,2026-06-02
59,Tunisia,1633,-3,2026-06-02
60,Romania,1627,-12,2026-06-02
61,Cameroon,1613,3,2026-06-02
62,Costa Rica,1611,-11,2026-06-02
63,Iraq,1608,12,2026-06-02
64,Northern Ireland,1601,6,2026-06-02
65,Mali,1596,-7,2026-06-02
66,Bosnia and Herzegovina,1591,13,2026-06-02
67,North Macedonia,1589,-10,2026-06-02
68,New Zealand,1585,-6,2026-06-02
69,Cabo Verde,1576,11,2026-06-02
70,Honduras,1571,-1,2026-06-02
71,Iceland,1569,6,2026-06-02
72,Saudi Arabia,1566,-7,2026-06-02
73,Angola,1543,3,2026-06-02
74,Finland,1540,0,2026-06-02
74,United Arab Emirates,1540,-2,2026-06-02
76,Haiti,1532,-5,2026-06-02
77,Burkina Faso,1530,6,2026-06-02
78,Jamaica,1527,-12,2026-06-02
79,South Africa,1518,-19,2026-06-02
80,Guatemala,1514,4,2026-06-02
81,Belarus,1513,3,2026-06-02
82,Ghana,1503,5,2026-06-02
83,Syria,1491,11,2026-06-02
84,Oman,1490,-12,2026-06-02
85,Guinea,1469,8,2026-06-02
85,Palestine,1469,10,2026-06-02
87,Bulgaria,1461,3,2026-06-02
88,Northern Cyprus,1457,4,2026-06-02
89,Montenegro,1453,-11,2026-06-02
90,Luxembourg,1436,1,2026-06-02
91,Curaçao,1433,37,2026-06-02
92,Suriname,1431,10,2026-06-02
93,Kazakhstan,1430,3,2026-06-02
94,Benin,1429,5,2026-06-02
95,Kurdistan,1425,1,2026-06-02
96,China,1423,6,2026-06-02
96,Qatar,1423,-14,2026-06-02
98,Libya,1420,13,2026-06-02
99,Gambia,1419,17,2026-06-02
100,Bahrain,1418,-20,2026-06-02
101,Gabon,1401,-13,2026-06-02
102,Uganda,1394,7,2026-06-02
103,Niger,1393,27,2026-06-02
104,Equatorial Guinea,1391,-18,2026-06-02
105,Trinidad and Tobago,1388,0,2026-06-02
106,Madagascar,1382,30,2026-06-02
107,Faroe Islands,1381,40,2026-06-02
108,Armenia,1379,2,2026-06-02
109,Thailand,1376,3,2026-06-02
110,North Korea,1375,3,2026-06-02
111,Zimbabwe,1372,-6,2026-06-02
111,Mozambique,1372,-22,2026-06-02
113,Zambia,1371,-13,2026-06-02
114,Comoros,1363,-16,2026-06-02
115,Togo,1359,3,2026-06-02
116,Kenya,1356,-2,2026-06-02
117,Vietnam,1351,3,2026-06-02
118,Sudan,1350,-14,2026-06-02
119,Sierra Leone,1348,8,2026-06-02
120,Reunion,1345,3,2026-06-02
121,El Salvador,1342,-14,2026-06-02
122,Azerbaijan,1340,-3,2026-06-02
123,Estonia,1339,-15,2026-06-02
124,Guadeloupe,1338,-9,2026-06-02
125,Rwanda,1337,3,2026-06-02
126,Nicaragua,1334,9,2026-06-02
127,Lebanon,1332,-1,2026-06-02
128,Indonesia,1331,-3,2026-06-02
129,Kuwait,1327,1,2026-06-02
130,Zanzibar,1321,4,2026-06-02
131,Tanzania,1313,-30,2026-06-02
132,Martinique,1312,-16,2026-06-02
133,Mauritania,1311,-11,2026-06-02
134,Namibia,1303,-13,2026-06-02
135,Latvia,1301,3,2026-06-02
135,Cyprus,1301,2,2026-06-02
137,Liberia,1297,14,2026-06-02
138,Malaysia,1293,12,2026-06-02
139,Guyana,1292,9,2026-06-02
140,Kyrgyzstan,1291,-10,2026-06-02
141,Lithuania,1290,-3,2026-06-02
142,New Caledonia,1286,0,2026-06-02
143,Burundi,1285,1,2026-06-02
143,Ethiopia,1285,2,2026-06-02
145,Tajikistan,1284,-4,2026-06-02
145,Dominican Republic,1284,-7,2026-06-02
147,Botswana,1267,-24,2026-06-02
148,Moldova,1262,-18,2026-06-02
149,Guinea-Bissau,1248,-6,2026-06-02
150,Malawi,1241,-5,2026-06-02
151,Cuba,1239,2,2026-06-02
152,Central African Republic,1238,-3,2026-06-02
153,Malta,1236,-1,2026-06-02
154,French Guiana,1223,3,2026-06-02
155,Mayotte,1216,4,2026-06-02
156,Turkmenistan,1209,4,2026-06-02
157,Congo Republic,1207,0,2026-06-02
158,Lesotho,1205,-4,2026-06-02
159,Eritrea,1201,6,2026-06-02
160,Tahiti,1176,1,2026-06-02
161,Philippines,1167,8,2026-06-02
162,Yemen,1151,10,2026-06-02
163,Eswatini,1149,-7,2026-06-02
164,St Vincent & Grenadines,1141,-1,2026-06-02
165,Singapore,1139,13,2026-06-02
166,Puerto Rico,1138,5,2026-06-02
167,Papua New Guinea,1135,6,2026-06-02
168,India,1128,-6,2026-06-02
169,Hong Kong,1120,-3,2026-06-02
170,Bermuda,1119,-2,2026-06-02
171,Vanuatu,1114,10,2026-06-02
172,South Sudan,1109,-5,2026-06-02
173,Fiji,1108,-18,2026-06-02
174,Grenada,1098,1,2026-06-02
175,Andorra,1076,1,2026-06-02
176,Mauritius,1073,6,2026-06-02
176,Chad,1073,-12,2026-06-02
176,Belize,1073,-2,2026-06-02
179,Solomon Islands,1054,-9,2026-06-02
180,Saint Martin,1042,3,2026-06-02
181,Sao Tome and Principe,1035,3,2026-06-02
182,Saint Kitts and Nevis,1029,-3,2026-06-02
183,Afghanistan,1023,-6,2026-06-02
184,Somaliland,1005,2,2026-06-02
185,Saint Lucia,1003,0,2026-06-02
186,Gibraltar,1002,-6,2026-06-02
187,Western Sahara,996,0,2026-06-02
188,Myanmar,982,5,2026-06-02
189,Aruba,979,10,2026-06-02
189,Somalia,979,11,2026-06-02
191,Sint Maarten,975,3,2026-06-02
192,Montserrat,971,-2,2026-06-02
193,Greenland,946,-1,2026-06-02
194,Djibouti,940,1,2026-06-02
195,Dominica,934,-7,2026-06-02
196,Bangladesh,932,0,2026-06-02
197,Liechtenstein,904,4,2026-06-02
198,Monaco,903,4,2026-06-02
199,Barbados,898,-10,2026-06-02
200,Antigua and Barbuda,894,-3,2026-06-02
201,Nepal,893,-10,2026-06-02
202,Seychelles,853,2,2026-06-02
203,Cambodia,844,3,2026-06-02
204,San Marino,836,1,2026-06-02
204,Maldives,836,-1,2026-06-02
204,Bonaire,836,3,2026-06-02
207,Sri Lanka,827,6,2026-06-02
208,Taiwan,821,-10,2026-06-02
209,Pakistan,812,0,2026-06-02
210,Cayman Islands,805,-2,2026-06-02
211,Chagos Islands,782,0,2026-06-02
212,Tuvalu,756,0,2026-06-02
213,Sint Eustatius,737,0,2026-06-02
214,Laos,734,8,2026-06-02
215,Samoa,728,1,2026-06-02
216,British Virgin Islands,727,12,2026-06-02
216,Mongolia,727,-1,2026-06-02
218,Saint Barthelemy,725,-1,2026-06-02
219,Guam,718,-1,2026-06-02
220,East Timor,714,5,2026-06-02
221,Wallis and Futuna,699,-2,2026-06-02
222,Vatican,692,-2,2026-06-02
223,Saba,691,-2,2026-06-02
224,Bahamas,685,-14,2026-06-02
225,St Pierre and Miquelon,677,-2,2026-06-02
226,Turks and Caicos Islands,657,0,2026-06-02
227,Anguilla,646,4,2026-06-02
228,Bhutan,636,-1,2026-06-02
229,Tibet,629,0,2026-06-02
230,US Virgin Islands,628,3,2026-06-02
231,Cook Islands,622,-1,2026-06-02
232,Brunei,592,-8,2026-06-02
233,Macao,588,-1,2026-06-02
234,Christmas Island,578,0,2026-06-02
235,Falkland Islands,571,0,2026-06-02
236,FS Micronesia,563,0,2026-06-02
237,Marshall Islands,559,0,2026-06-02
238,Kiribati,544,-1,2026-06-02
239,Tonga,520,-1,2026-06-02
240,Niue,496,-1,2026-06-02
241,Northern Marianas,432,-1,2026-06-02
242,Cocos Islands,422,-1,2026-06-02
243,Palau,402,-1,2026-06-02
244,Eastern Samoa,369,-1,2026-06-02
